-- --------------------------------------------------------
-- Host:                         127.0.0.1
-- Server version:               8.0.30 - MySQL Community Server - GPL
-- Server OS:                    Win64
-- HeidiSQL Version:             12.1.0.6537
-- --------------------------------------------------------
/*!40101 SET @OLD_CHARACTER_SET_CLIENT=@@CHARACTER_SET_CLIENT */
;

/*!40101 SET NAMES utf8 */
;

/*!50503 SET NAMES utf8mb4 */
;

/*!40103 SET @OLD_TIME_ZONE=@@TIME_ZONE */
;

/*!40103 SET TIME_ZONE='+00:00' */
;

/*!40014 SET @OLD_FOREIGN_KEY_CHECKS=@@FOREIGN_KEY_CHECKS, FOREIGN_KEY_CHECKS=0 */
;

/*!40101 SET @OLD_SQL_MODE=@@SQL_MODE, SQL_MODE='NO_AUTO_VALUE_ON_ZERO' */
;

/*!40111 SET @OLD_SQL_NOTES=@@SQL_NOTES, SQL_NOTES=0 */
;

-- Dumping database structure for demo_php
CREATE DATABASE IF NOT EXISTS `demo_php`
/*!40100 DEFAULT  COLLATE utf8_general_ci */
/*!80016 DEFAULT ENCRYPTION='N' */
;

USE `demo_php`;

-- Dumping structure for table demo_php.table_blog
CREATE TABLE IF NOT EXISTS `table_blog` (
	`id` bigint NOT NULL AUTO_INCREMENT,
	`image_path` varchar(255) DEFAULT NULL,
	`title` text COLLATE utf8_general_ci,
	`content` text,
	`product_id` bigint NOT NULL,
	`created_on` datetime(6) DEFAULT NULL,
	`created_by` varchar(255) DEFAULT NULL,
	`updated_on` datetime(6) DEFAULT NULL,
	`updated_by` varchar(255) DEFAULT NULL,
	`code` text COLLATE utf8_general_ci,
	PRIMARY KEY (`id`),
	KEY `product_id` (`product_id`),
	CONSTRAINT `table_blog_ibfk_1` FOREIGN KEY (`product_id`) REFERENCES `table_product` (`id`)
) ENGINE = InnoDB AUTO_INCREMENT = 576 COLLATE = utf8_general_ci;

-- Dumping data for table demo_php.table_blog: ~35 rows (approximately)
insert INTO
	`table_blog` (
		`id`,
		`image_path`,
		`title`,
		`content`,
		`product_id`,
		`created_on`,
		`created_by`,
		`updated_on`,
		`updated_by`,
		`code`
	)
VALUES
	(
		1,
		'Rectangle 8536.png',
		N'Xu hướng lựa chọn đèn trang trí năm 2023 vừa chiếu sáng , vừa làm đẹp cho ngôi nhà',
		'Bên cạnh việc cập nhật những phong cách thiết kế chủ đạo của năm 2023 thì xu hướng lựa chọn phụ kiện cũng được các gia đình để tâm đến . Trong đó không thể không kể đến đèn trang trí',
		2,
		'2024-01-03 16:09:42.000000',
		NULL,
		'2024-01-03 16:09:46.000000',
		NULL,
		'xu-huong-lua-chon-den-trang-tri-nam-2023-vua-chieu-sang--vua-lam-dep-cho-ngoi-nha'
	),
	(
		2,
		'Rectangle 8536.png',
		N'Khám phá vẻ đẹp cổ điển với các mẫu đèn trang trí cho nhà cổ',
		'Đèn trang trí cho nhà cổ đóng vai trò quan trọng không chỉ trong việc thắp sáng không gian mà còn làm nổi bật vẻ đẹp cổ điển của kiến trúc. Bài viết này sẽ khám phá sức hút đặc biệt của đèn trang trí cho nhà cổ trong không gian nhà cổ và cách chọn lựa, sử dụng chúng để tạo điểm nhấn độc đáo và sang trọng.',
		19,
		'2024-01-03 16:11:18.000000',
		NULL,
		'2024-01-03 16:11:19.000000',
		NULL,
		'kham-pha-ve-dep-co-dien-voi-cac-mau-den-trang-tri-cho-nha-co'
	),
	(
		3,
		'Rectangle 8536.png',
		N'5 Tính năng của đèn trang trí trần thạch cao',
		'Trần thạch cao không chỉ là phần của ngôi nhà mà còn là một bảng canvas để thể hiện sự sáng tạo và thẩm mỹ của bạn. Một trong những yếu tố quan trọng giúp tôn lên vẻ đẹp và sự ấn tượng của trần thạch cao là ánh sáng. Và đèn trần thạch cao đã từ lâu trở thành nguồn cảm hứng không giới hạn cho việc làm cho không gian phòng khách của bạn trở nên độc đáo và ấn tượng hơn bao giờ hết. Bài viết dưới đây mà Nhatidecor mang lại sẽ gợi ý cho bạn 5 Tính Năng Tuyệt Vời Của Đèn Trang Trí Trần Thạch Cao Cho Phòng Khách!',
		20,
		'2024-01-03 16:11:56.000000',
		NULL,
		'2024-01-03 16:11:56.000000',
		NULL,
		'5-tinh-nang-cua-den-trang-tri-tran-thach-cao'
	),
	(
		4,
		'Rectangle 8536.png',
		N'Đồng hồ decor trang trí và cách trang trí đẹp',
		'Đồng hồ decor trang trí là loại đồng hồ nhỏ gọn và phù hợp để đặt ở bàn làm việc, bàn trang điểm hoặc bàn trà. Đồng hồ decor để bàn thường có thiết kế đơn giản và tinh tế và thường được làm từ chất liệu gỗ hoặc kim loại.',
		22,
		'2024-01-03 16:12:21.000000',
		NULL,
		'2024-01-03 16:12:22.000000',
		NULL,
		'dong-ho-decor-trang-tri-va-cach-trang-tri-dep'
	),
	(
		5,
		'Rectangle 8536.png',
		N'Mẫu bình hoa gốm sứ đẹp trang trí phòng khách hot hit năm nay',
		'Trong bức tranh trang trí nội thất đang phát triển liên tục, mẫu bình hoa gốm sứ đẹp trang trí phòng khách không chỉ là nguồn cảm hứng nghệ thuật mà còn là “hot hit” đình đám trong năm nay. Được chế tác từ gốm sứ Bát Tràng nổi tiếng, những mẫu bình hoa này không chỉ là vật trang trí, mà còn là tác phẩm nghệ thuật độc đáo, tôn lên vẻ đẹp và tính thẩm mỹ cho không gian sống.',
		26,
		'2024-01-03 16:13:00.000000',
		NULL,
		'2024-01-03 16:13:01.000000',
		NULL,
		'mau-binh-hoa-gom-su-dep-trang-tri-phong-khach-hot-hit-nam-nay'
	),
	(
		6,
		'Rectangle 8498.png',
		N'TOP 5 các loại bình cắm hoa trang trí phòng khách đẹp nhất 202330',
		'Trong năm 2023, sự đa dạng và sáng tạo trong lĩnh vực trang trí nội thất ngày càng phát triển, đặc biệt là trong việc chọn lựa bình cắm hoa trang trí. Dưới đây là top 5 các loại bình cắm hoa đẹp đang thu hút sự chú ý trong năm này, mang đến cho không gian sống của bạn vẻ đẹp và phong cách độc đáo.',
		30,
		'2024-01-03 16:34:42.000000',
		NULL,
		NULL,
		NULL,
		'top-5-cac-loai-binh-cam-hoa-trang-tri-phong-khach-dep-nhat-202330'
	),
	(
		7,
		'Rectangle 8498.png',
		N'TOP 5 các loại bình cắm hoa trang trí phòng khách đẹp nhất 202331',
		'Trong năm 2023, sự đa dạng và sáng tạo trong lĩnh vực trang trí nội thất ngày càng phát triển, đặc biệt là trong việc chọn lựa bình cắm hoa trang trí. Dưới đây là top 5 các loại bình cắm hoa đẹp đang thu hút sự chú ý trong năm này, mang đến cho không gian sống của bạn vẻ đẹp và phong cách độc đáo.',
		31,
		'2024-01-03 16:34:43.000000',
		NULL,
		NULL,
		NULL,
		'top-5-cac-loai-binh-cam-hoa-trang-tri-phong-khach-dep-nhat-202331'
	),
	(
		8,
		'Rectangle 8498.png',
		N'TOP 5 các loại bình cắm hoa trang trí phòng khách đẹp nhất 202332',
		'Trong năm 2023, sự đa dạng và sáng tạo trong lĩnh vực trang trí nội thất ngày càng phát triển, đặc biệt là trong việc chọn lựa bình cắm hoa trang trí. Dưới đây là top 5 các loại bình cắm hoa đẹp đang thu hút sự chú ý trong năm này, mang đến cho không gian sống của bạn vẻ đẹp và phong cách độc đáo.',
		32,
		'2024-01-03 16:34:44.000000',
		NULL,
		NULL,
		NULL,
		'top-5-cac-loai-binh-cam-hoa-trang-tri-phong-khach-dep-nhat-202332'
	),
	(
		9,
		'Rectangle 8498.png',
		N'TOP 5 các loại bình cắm hoa trang trí phòng khách đẹp nhất 202333',
		'Trong năm 2023, sự đa dạng và sáng tạo trong lĩnh vực trang trí nội thất ngày càng phát triển, đặc biệt là trong việc chọn lựa bình cắm hoa trang trí. Dưới đây là top 5 các loại bình cắm hoa đẹp đang thu hút sự chú ý trong năm này, mang đến cho không gian sống của bạn vẻ đẹp và phong cách độc đáo.',
		33,
		'2024-01-03 16:34:43.000000',
		NULL,
		NULL,
		NULL,
		'top-5-cac-loai-binh-cam-hoa-trang-tri-phong-khach-dep-nhat-202333'
	),
	(
		10,
		'Rectangle 8498.png',
		N'TOP 5 các loại bình cắm hoa trang trí phòng khách đẹp nhất 202334',
		'Trong năm 2023, sự đa dạng và sáng tạo trong lĩnh vực trang trí nội thất ngày càng phát triển, đặc biệt là trong việc chọn lựa bình cắm hoa trang trí. Dưới đây là top 5 các loại bình cắm hoa đẹp đang thu hút sự chú ý trong năm này, mang đến cho không gian sống của bạn vẻ đẹp và phong cách độc đáo.',
		34,
		'2024-01-03 16:34:45.000000',
		NULL,
		NULL,
		NULL,
		'top-5-cac-loai-binh-cam-hoa-trang-tri-phong-khach-dep-nhat-202334'
	),
	(
		11,
		'Rectangle 8498.png',
		N'TOP 5 các loại bình cắm hoa trang trí phòng khách đẹp nhất 202335',
		'Trong năm 2023, sự đa dạng và sáng tạo trong lĩnh vực trang trí nội thất ngày càng phát triển, đặc biệt là trong việc chọn lựa bình cắm hoa trang trí. Dưới đây là top 5 các loại bình cắm hoa đẹp đang thu hút sự chú ý trong năm này, mang đến cho không gian sống của bạn vẻ đẹp và phong cách độc đáo.',
		35,
		'2024-01-03 16:34:44.000000',
		NULL,
		NULL,
		NULL,
		'top-5-cac-loai-binh-cam-hoa-trang-tri-phong-khach-dep-nhat-202335'
	),
	(
		12,
		'Rectangle 8498.png',
		N'TOP 5 các loại bình cắm hoa trang trí phòng khách đẹp nhất 202336',
		'Trong năm 2023, sự đa dạng và sáng tạo trong lĩnh vực trang trí nội thất ngày càng phát triển, đặc biệt là trong việc chọn lựa bình cắm hoa trang trí. Dưới đây là top 5 các loại bình cắm hoa đẹp đang thu hút sự chú ý trong năm này, mang đến cho không gian sống của bạn vẻ đẹp và phong cách độc đáo.',
		36,
		'2024-01-03 16:34:45.000000',
		NULL,
		NULL,
		NULL,
		'top-5-cac-loai-binh-cam-hoa-trang-tri-phong-khach-dep-nhat-202336'
	),
	(
		13,
		'Rectangle 8498.png',
		N'TOP 5 các loại bình cắm hoa trang trí phòng khách đẹp nhất 202337',
		'Trong năm 2023, sự đa dạng và sáng tạo trong lĩnh vực trang trí nội thất ngày càng phát triển, đặc biệt là trong việc chọn lựa bình cắm hoa trang trí. Dưới đây là top 5 các loại bình cắm hoa đẹp đang thu hút sự chú ý trong năm này, mang đến cho không gian sống của bạn vẻ đẹp và phong cách độc đáo.',
		37,
		'2024-01-03 16:34:46.000000',
		NULL,
		NULL,
		NULL,
		'top-5-cac-loai-binh-cam-hoa-trang-tri-phong-khach-dep-nhat-202337'
	),
	(
		14,
		'Rectangle 8498.png',
		N'TOP 5 các loại bình cắm hoa trang trí phòng khách đẹp nhất 202338',
		'Trong năm 2023, sự đa dạng và sáng tạo trong lĩnh vực trang trí nội thất ngày càng phát triển, đặc biệt là trong việc chọn lựa bình cắm hoa trang trí. Dưới đây là top 5 các loại bình cắm hoa đẹp đang thu hút sự chú ý trong năm này, mang đến cho không gian sống của bạn vẻ đẹp và phong cách độc đáo.',
		38,
		'2024-01-03 16:34:47.000000',
		NULL,
		NULL,
		NULL,
		'top-5-cac-loai-binh-cam-hoa-trang-tri-phong-khach-dep-nhat-202338'
	),
	(
		15,
		'Rectangle 8498.png',
		N'TOP 5 các loại bình cắm hoa trang trí phòng khách đẹp nhất 202339',
		'Trong năm 2023, sự đa dạng và sáng tạo trong lĩnh vực trang trí nội thất ngày càng phát triển, đặc biệt là trong việc chọn lựa bình cắm hoa trang trí. Dưới đây là top 5 các loại bình cắm hoa đẹp đang thu hút sự chú ý trong năm này, mang đến cho không gian sống của bạn vẻ đẹp và phong cách độc đáo.',
		39,
		'2024-01-03 16:34:46.000000',
		NULL,
		NULL,
		NULL,
		'top-5-cac-loai-binh-cam-hoa-trang-tri-phong-khach-dep-nhat-202339'
	),
	(
		16,
		'Rectangle 8498.png',
		N'TOP 5 các loại bình cắm hoa trang trí phòng khách đẹp nhất 202340',
		'Trong năm 2023, sự đa dạng và sáng tạo trong lĩnh vực trang trí nội thất ngày càng phát triển, đặc biệt là trong việc chọn lựa bình cắm hoa trang trí. Dưới đây là top 5 các loại bình cắm hoa đẹp đang thu hút sự chú ý trong năm này, mang đến cho không gian sống của bạn vẻ đẹp và phong cách độc đáo.',
		40,
		'2024-01-03 16:34:47.000000',
		NULL,
		NULL,
		NULL,
		'top-5-cac-loai-binh-cam-hoa-trang-tri-phong-khach-dep-nhat-202340'
	),
	(
		17,
		'Rectangle 8498.png',
		N'TOP 5 các loại bình cắm hoa trang trí phòng khách đẹp nhất 202341',
		'Trong năm 2023, sự đa dạng và sáng tạo trong lĩnh vực trang trí nội thất ngày càng phát triển, đặc biệt là trong việc chọn lựa bình cắm hoa trang trí. Dưới đây là top 5 các loại bình cắm hoa đẹp đang thu hút sự chú ý trong năm này, mang đến cho không gian sống của bạn vẻ đẹp và phong cách độc đáo.',
		41,
		'2024-01-03 16:34:48.000000',
		NULL,
		NULL,
		NULL,
		'top-5-cac-loai-binh-cam-hoa-trang-tri-phong-khach-dep-nhat-202341'
	),
	(
		18,
		'Rectangle 8498.png',
		N'TOP 5 các loại bình cắm hoa trang trí phòng khách đẹp nhất 202342',
		'Trong năm 2023, sự đa dạng và sáng tạo trong lĩnh vực trang trí nội thất ngày càng phát triển, đặc biệt là trong việc chọn lựa bình cắm hoa trang trí. Dưới đây là top 5 các loại bình cắm hoa đẹp đang thu hút sự chú ý trong năm này, mang đến cho không gian sống của bạn vẻ đẹp và phong cách độc đáo.',
		42,
		'2024-01-03 16:34:49.000000',
		NULL,
		NULL,
		NULL,
		'top-5-cac-loai-binh-cam-hoa-trang-tri-phong-khach-dep-nhat-202342'
	),
	(
		19,
		'Rectangle 8498.png',
		N'TOP 5 các loại bình cắm hoa trang trí phòng khách đẹp nhất 202343',
		'Trong năm 2023, sự đa dạng và sáng tạo trong lĩnh vực trang trí nội thất ngày càng phát triển, đặc biệt là trong việc chọn lựa bình cắm hoa trang trí. Dưới đây là top 5 các loại bình cắm hoa đẹp đang thu hút sự chú ý trong năm này, mang đến cho không gian sống của bạn vẻ đẹp và phong cách độc đáo.',
		43,
		'2024-01-03 16:34:48.000000',
		NULL,
		NULL,
		NULL,
		'top-5-cac-loai-binh-cam-hoa-trang-tri-phong-khach-dep-nhat-202343'
	),
	(
		20,
		'Rectangle 8498.png',
		N'TOP 5 các loại bình cắm hoa trang trí phòng khách đẹp nhất 202344',
		'Trong năm 2023, sự đa dạng và sáng tạo trong lĩnh vực trang trí nội thất ngày càng phát triển, đặc biệt là trong việc chọn lựa bình cắm hoa trang trí. Dưới đây là top 5 các loại bình cắm hoa đẹp đang thu hút sự chú ý trong năm này, mang đến cho không gian sống của bạn vẻ đẹp và phong cách độc đáo.',
		44,
		'2024-01-03 16:34:50.000000',
		NULL,
		NULL,
		NULL,
		'top-5-cac-loai-binh-cam-hoa-trang-tri-phong-khach-dep-nhat-202344'
	),
	(
		21,
		'Rectangle 8498.png',
		N'TOP 5 các loại bình cắm hoa trang trí phòng khách đẹp nhất 202345',
		'Trong năm 2023, sự đa dạng và sáng tạo trong lĩnh vực trang trí nội thất ngày càng phát triển, đặc biệt là trong việc chọn lựa bình cắm hoa trang trí. Dưới đây là top 5 các loại bình cắm hoa đẹp đang thu hút sự chú ý trong năm này, mang đến cho không gian sống của bạn vẻ đẹp và phong cách độc đáo.',
		45,
		'2024-01-03 16:34:49.000000',
		NULL,
		NULL,
		NULL,
		'top-5-cac-loai-binh-cam-hoa-trang-tri-phong-khach-dep-nhat-202345'
	),
	(
		22,
		'Rectangle 8498.png',
		N'TOP 5 các loại bình cắm hoa trang trí phòng khách đẹp nhất 202346',
		'Trong năm 2023, sự đa dạng và sáng tạo trong lĩnh vực trang trí nội thất ngày càng phát triển, đặc biệt là trong việc chọn lựa bình cắm hoa trang trí. Dưới đây là top 5 các loại bình cắm hoa đẹp đang thu hút sự chú ý trong năm này, mang đến cho không gian sống của bạn vẻ đẹp và phong cách độc đáo.',
		46,
		'2024-01-03 16:34:50.000000',
		NULL,
		NULL,
		NULL,
		'top-5-cac-loai-binh-cam-hoa-trang-tri-phong-khach-dep-nhat-202346'
	),
	(
		23,
		'Rectangle 8498.png',
		N'TOP 5 các loại bình cắm hoa trang trí phòng khách đẹp nhất 202347',
		'Trong năm 2023, sự đa dạng và sáng tạo trong lĩnh vực trang trí nội thất ngày càng phát triển, đặc biệt là trong việc chọn lựa bình cắm hoa trang trí. Dưới đây là top 5 các loại bình cắm hoa đẹp đang thu hút sự chú ý trong năm này, mang đến cho không gian sống của bạn vẻ đẹp và phong cách độc đáo.',
		47,
		'2024-01-03 16:34:51.000000',
		NULL,
		NULL,
		NULL,
		'top-5-cac-loai-binh-cam-hoa-trang-tri-phong-khach-dep-nhat-202347'
	),
	(
		24,
		'Rectangle 8498.png',
		N'TOP 5 các loại bình cắm hoa trang trí phòng khách đẹp nhất 202348',
		'Trong năm 2023, sự đa dạng và sáng tạo trong lĩnh vực trang trí nội thất ngày càng phát triển, đặc biệt là trong việc chọn lựa bình cắm hoa trang trí. Dưới đây là top 5 các loại bình cắm hoa đẹp đang thu hút sự chú ý trong năm này, mang đến cho không gian sống của bạn vẻ đẹp và phong cách độc đáo.',
		48,
		'2024-01-03 16:34:53.000000',
		NULL,
		NULL,
		NULL,
		'top-5-cac-loai-binh-cam-hoa-trang-tri-phong-khach-dep-nhat-202348'
	),
	(
		25,
		'Rectangle 8498.png',
		N'TOP 5 các loại bình cắm hoa trang trí phòng khách đẹp nhất 202349',
		'Trong năm 2023, sự đa dạng và sáng tạo trong lĩnh vực trang trí nội thất ngày càng phát triển, đặc biệt là trong việc chọn lựa bình cắm hoa trang trí. Dưới đây là top 5 các loại bình cắm hoa đẹp đang thu hút sự chú ý trong năm này, mang đến cho không gian sống của bạn vẻ đẹp và phong cách độc đáo.',
		49,
		'2024-01-03 16:34:53.000000',
		NULL,
		NULL,
		NULL,
		'top-5-cac-loai-binh-cam-hoa-trang-tri-phong-khach-dep-nhat-202349'
	),
	(
		26,
		'Rectangle 8498.png',
		N'TOP 5 các loại bình cắm hoa trang trí phòng khách đẹp nhất 202350',
		'Trong năm 2023, sự đa dạng và sáng tạo trong lĩnh vực trang trí nội thất ngày càng phát triển, đặc biệt là trong việc chọn lựa bình cắm hoa trang trí. Dưới đây là top 5 các loại bình cắm hoa đẹp đang thu hút sự chú ý trong năm này, mang đến cho không gian sống của bạn vẻ đẹp và phong cách độc đáo.',
		50,
		'2024-01-03 16:39:51.000000',
		NULL,
		NULL,
		NULL,
		'top-5-cac-loai-binh-cam-hoa-trang-tri-phong-khach-dep-nhat-202350'
	),
	(
		27,
		'Rectangle 8498.png',
		N'TOP 5 các loại bình cắm hoa trang trí phòng khách đẹp nhất 202351',
		'Trong năm 2023, sự đa dạng và sáng tạo trong lĩnh vực trang trí nội thất ngày càng phát triển, đặc biệt là trong việc chọn lựa bình cắm hoa trang trí. Dưới đây là top 5 các loại bình cắm hoa đẹp đang thu hút sự chú ý trong năm này, mang đến cho không gian sống của bạn vẻ đẹp và phong cách độc đáo.',
		51,
		'2024-01-03 16:39:52.000000',
		NULL,
		NULL,
		NULL,
		'top-5-cac-loai-binh-cam-hoa-trang-tri-phong-khach-dep-nhat-202351'
	),
	(
		28,
		'Rectangle 8498.png',
		N'TOP 5 các loại bình cắm hoa trang trí phòng khách đẹp nhất 202352',
		'Trong năm 2023, sự đa dạng và sáng tạo trong lĩnh vực trang trí nội thất ngày càng phát triển, đặc biệt là trong việc chọn lựa bình cắm hoa trang trí. Dưới đây là top 5 các loại bình cắm hoa đẹp đang thu hút sự chú ý trong năm này, mang đến cho không gian sống của bạn vẻ đẹp và phong cách độc đáo.',
		52,
		'2024-01-03 16:39:52.000000',
		NULL,
		NULL,
		NULL,
		'top-5-cac-loai-binh-cam-hoa-trang-tri-phong-khach-dep-nhat-202352'
	),
	(
		29,
		'Rectangle 8498.png',
		N'TOP 5 các loại bình cắm hoa trang trí phòng khách đẹp nhất 202353',
		'Trong năm 2023, sự đa dạng và sáng tạo trong lĩnh vực trang trí nội thất ngày càng phát triển, đặc biệt là trong việc chọn lựa bình cắm hoa trang trí. Dưới đây là top 5 các loại bình cắm hoa đẹp đang thu hút sự chú ý trong năm này, mang đến cho không gian sống của bạn vẻ đẹp và phong cách độc đáo.',
		53,
		'2024-01-03 16:39:52.000000',
		NULL,
		NULL,
		NULL,
		'top-5-cac-loai-binh-cam-hoa-trang-tri-phong-khach-dep-nhat-202353'
	),
	(
		30,
		'Rectangle 8498.png',
		N'TOP 5 các loại bình cắm hoa trang trí phòng khách đẹp nhất 202354',
		'Trong năm 2023, sự đa dạng và sáng tạo trong lĩnh vực trang trí nội thất ngày càng phát triển, đặc biệt là trong việc chọn lựa bình cắm hoa trang trí. Dưới đây là top 5 các loại bình cắm hoa đẹp đang thu hút sự chú ý trong năm này, mang đến cho không gian sống của bạn vẻ đẹp và phong cách độc đáo.',
		54,
		'2024-01-03 16:39:53.000000',
		NULL,
		NULL,
		NULL,
		'top-5-cac-loai-binh-cam-hoa-trang-tri-phong-khach-dep-nhat-202354'
	),
	(
		31,
		'Rectangle 8498.png',
		N'TOP 5 các loại bình cắm hoa trang trí phòng khách đẹp nhất 202355',
		'Trong năm 2023, sự đa dạng và sáng tạo trong lĩnh vực trang trí nội thất ngày càng phát triển, đặc biệt là trong việc chọn lựa bình cắm hoa trang trí. Dưới đây là top 5 các loại bình cắm hoa đẹp đang thu hút sự chú ý trong năm này, mang đến cho không gian sống của bạn vẻ đẹp và phong cách độc đáo.',
		55,
		'2024-01-03 16:39:53.000000',
		NULL,
		NULL,
		NULL,
		'top-5-cac-loai-binh-cam-hoa-trang-tri-phong-khach-dep-nhat-202355'
	),
	(
		32,
		'Rectangle 8498.png',
		N'TOP 5 các loại bình cắm hoa trang trí phòng khách đẹp nhất 202356',
		'Trong năm 2023, sự đa dạng và sáng tạo trong lĩnh vực trang trí nội thất ngày càng phát triển, đặc biệt là trong việc chọn lựa bình cắm hoa trang trí. Dưới đây là top 5 các loại bình cắm hoa đẹp đang thu hút sự chú ý trong năm này, mang đến cho không gian sống của bạn vẻ đẹp và phong cách độc đáo.',
		56,
		'2024-01-03 16:39:54.000000',
		NULL,
		NULL,
		NULL,
		'top-5-cac-loai-binh-cam-hoa-trang-tri-phong-khach-dep-nhat-202356'
	),
	(
		33,
		'Rectangle 8498.png',
		N'TOP 5 các loại bình cắm hoa trang trí phòng khách đẹp nhất 202357',
		'Trong năm 2023, sự đa dạng và sáng tạo trong lĩnh vực trang trí nội thất ngày càng phát triển, đặc biệt là trong việc chọn lựa bình cắm hoa trang trí. Dưới đây là top 5 các loại bình cắm hoa đẹp đang thu hút sự chú ý trong năm này, mang đến cho không gian sống của bạn vẻ đẹp và phong cách độc đáo.',
		57,
		'2024-01-03 16:39:54.000000',
		NULL,
		NULL,
		NULL,
		'top-5-cac-loai-binh-cam-hoa-trang-tri-phong-khach-dep-nhat-202357'
	),
	(
		34,
		'Rectangle 8498.png',
		N'TOP 5 các loại bình cắm hoa trang trí phòng khách đẹp nhất 202358',
		'Trong năm 2023, sự đa dạng và sáng tạo trong lĩnh vực trang trí nội thất ngày càng phát triển, đặc biệt là trong việc chọn lựa bình cắm hoa trang trí. Dưới đây là top 5 các loại bình cắm hoa đẹp đang thu hút sự chú ý trong năm này, mang đến cho không gian sống của bạn vẻ đẹp và phong cách độc đáo.',
		58,
		'2024-01-03 16:39:55.000000',
		NULL,
		NULL,
		NULL,
		'top-5-cac-loai-binh-cam-hoa-trang-tri-phong-khach-dep-nhat-202358'
	),
	(
		35,
		'Rectangle 8498.png',
		N'TOP 5 các loại bình cắm hoa trang trí phòng khách đẹp nhất 202359',
		'Trong năm 2023, sự đa dạng và sáng tạo trong lĩnh vực trang trí nội thất ngày càng phát triển, đặc biệt là trong việc chọn lựa bình cắm hoa trang trí. Dưới đây là top 5 các loại bình cắm hoa đẹp đang thu hút sự chú ý trong năm này, mang đến cho không gian sống của bạn vẻ đẹp và phong cách độc đáo.',
		59,
		'2024-01-03 16:39:55.000000',
		NULL,
		NULL,
		NULL,
		'top-5-cac-loai-binh-cam-hoa-trang-tri-phong-khach-dep-nhat-202359'
	);

-- Dumping structure for table demo_php.table_category
CREATE TABLE IF NOT EXISTS `table_category` (
	`id` bigint NOT NULL AUTO_INCREMENT,
	`code` varchar(255) DEFAULT NULL,
	`created_on` datetime(6) DEFAULT NULL,
	`name` varchar(255) DEFAULT NULL,
	`updated_on` datetime(6) DEFAULT NULL,
	`created_by` varchar(255) DEFAULT NULL,
	`updated_by` varchar(255) DEFAULT NULL,
	PRIMARY KEY (`id`)
) ENGINE = InnoDB AUTO_INCREMENT = 11 COLLATE = utf8_general_ci;

-- Dumping data for table demo_php.table_category: ~6 rows (approximately)
REPLACE INTO `table_category` (
	`id`,
	`code`,
	`created_on`,
	`name`,
	`updated_on`,
	`created_by`,
	`updated_by`
)
VALUES
	(
		3,
		'den-noi-that',
		NULL,
		'Đèn nội thất',
		NULL,
		NULL,
		NULL
	),
	(
		4,
		'den-nong-nghiep',
		'2024-01-03 09:14:08.000000',
		'Đèn nông nghiệp',
		'2024-01-03 09:14:19.000000',
		NULL,
		NULL
	),
	(
		5,
		'thiet-bi-dien',
		'2024-01-03 09:14:36.000000',
		'Thiết bị điện',
		'2024-01-03 09:14:48.000000',
		NULL,
		NULL
	),
	(
		6,
		'den-trang-tri',
		'2024-01-03 09:15:00.000000',
		'Đèn trang trí',
		'2024-01-03 09:15:04.000000',
		NULL,
		NULL
	),
	(9, 'den-led', NULL, 'Đèn LED', NULL, NULL, NULL),
	(
		10,
		'catalogue',
		NULL,
		'catalogue',
		NULL,
		NULL,
		NULL
	);

-- Dumping structure for table demo_php.table_color
CREATE TABLE IF NOT EXISTS `table_color` (
	`id` bigint NOT NULL AUTO_INCREMENT,
	`name` varchar(50) NOT NULL DEFAULT '',
	`code` varchar(50) NOT NULL DEFAULT '',
	PRIMARY KEY (`id`)
) ENGINE = InnoDB AUTO_INCREMENT = 5 COLLATE = utf8_general_ci;

-- Dumping data for table demo_php.table_color: ~4 rows (approximately)
REPLACE INTO `table_color` (`id`, `name`, `code`)
VALUES
	(1, 'Đèn xanh', 'blue'),
	(2, 'Đèn đỏ', 'red'),
	(3, 'Đèn vàng', 'yellow'),
	(4, 'Đèn trắng', '#fff');

-- Dumping structure for table demo_php.table_danhmuc
CREATE TABLE IF NOT EXISTS `table_danhmuc` (
	`id` bigint NOT NULL AUTO_INCREMENT,
	`parent_id` bigint DEFAULT '0',
	`name` varchar(255) DEFAULT NULL,
	`code` varchar(255) DEFAULT NULL,
	PRIMARY KEY (`id`)
) ENGINE = InnoDB AUTO_INCREMENT = 16 COLLATE = utf8_general_ci;

-- Dumping data for table demo_php.table_danhmuc: ~15 rows (approximately)
REPLACE INTO `table_danhmuc` (`id`, `parent_id`, `name`, `code`)
VALUES
	(1, 0, 'Đèn trang trí', 'den-trang-tri'),
	(2, 1, 'Đèn thả', 'den-tha'),
	(3, 1, 'Đèn treo tường', 'den-treo-tuong'),
	(4, 1, 'Đèn chùm', 'den-chum'),
	(5, 1, 'Đèn trang trí', 'den-trang-tri'),
	(6, 0, 'Đèn nội thất', 'den-noi-that'),
	(7, 6, 'Đèn thả', 'den-tha'),
	(8, 6, 'Đèn treo tường', 'den-treo-tuong'),
	(9, 0, 'Đèn nông nghiệp', 'den-nong-nghiep'),
	(10, 9, 'Đèn thả', 'den-tha'),
	(11, 9, 'Đèn treo tường', 'den-treo-tuong'),
	(12, 9, 'Đèn chùm', 'den-chum'),
	(13, 2, 'Đèn thả loại 1', 'den-tha-loai-1'),
	(14, 2, 'Đèn thả loại 2', 'den-tha-loai-2'),
	(15, 7, 'Đèn thả loại 1', 'den-tha-loai-1');

-- Dumping structure for table demo_php.table_image_detail
CREATE TABLE IF NOT EXISTS `table_image_detail` (
	`id` bigint NOT NULL AUTO_INCREMENT,
	`product_id` bigint NOT NULL,
	`image_path` varchar(255) NOT NULL,
	PRIMARY KEY (`id`),
	KEY `product_id` (`product_id`),
	CONSTRAINT `table_image_detail_ibfk_1` FOREIGN KEY (`product_id`) REFERENCES `table_product` (`id`)
) ENGINE = InnoDB AUTO_INCREMENT = 1411 COLLATE = utf8_general_ci;

-- Dumping data for table demo_php.table_image_detail: ~141 rows (approximately)
REPLACE INTO `table_image_detail` (`id`, `product_id`, `image_path`)
VALUES
	(1270, 2, 'Rectangle 8377 (1).png'),
	(1271, 2, 'Rectangle 8377 (2).png'),
	(1272, 2, 'Rectangle 8377 (3).png'),
	(1273, 19, 'Rectangle 8377 (1).png'),
	(1274, 19, 'Rectangle 8377 (2).png'),
	(1275, 19, 'Rectangle 8377 (3).png'),
	(1276, 20, 'Rectangle 8377 (1).png'),
	(1277, 20, 'Rectangle 8377 (2).png'),
	(1278, 20, 'Rectangle 8377 (3).png'),
	(1279, 21, 'Rectangle 8377 (1).png'),
	(1280, 21, 'Rectangle 8377 (2).png'),
	(1281, 21, 'Rectangle 8377 (3).png'),
	(1282, 22, 'Rectangle 8377 (1).png'),
	(1283, 22, 'Rectangle 8377 (2).png'),
	(1284, 22, 'Rectangle 8377 (3).png'),
	(1285, 23, 'Rectangle 8377 (1).png'),
	(1286, 23, 'Rectangle 8377 (2).png'),
	(1287, 23, 'Rectangle 8377 (3).png'),
	(1288, 24, 'Rectangle 8377 (1).png'),
	(1289, 24, 'Rectangle 8377 (2).png'),
	(1290, 24, 'Rectangle 8377 (3).png'),
	(1291, 25, 'Rectangle 8377 (1).png'),
	(1292, 25, 'Rectangle 8377 (2).png'),
	(1293, 25, 'Rectangle 8377 (3).png'),
	(1294, 26, 'Rectangle 8377 (1).png'),
	(1295, 26, 'Rectangle 8377 (2).png'),
	(1296, 26, 'Rectangle 8377 (3).png'),
	(1297, 27, 'Rectangle 8377 (1).png'),
	(1298, 27, 'Rectangle 8377 (2).png'),
	(1299, 27, 'Rectangle 8377 (3).png'),
	(1300, 28, 'Rectangle 8377 (1).png'),
	(1301, 28, 'Rectangle 8377 (2).png'),
	(1302, 28, 'Rectangle 8377 (3).png'),
	(1303, 29, 'Rectangle 8377 (1).png'),
	(1304, 29, 'Rectangle 8377 (2).png'),
	(1305, 29, 'Rectangle 8377 (3).png'),
	(1306, 30, 'Rectangle 8377 (1).png'),
	(1307, 30, 'Rectangle 8377 (2).png'),
	(1308, 30, 'Rectangle 8377 (3).png'),
	(1309, 31, 'Rectangle 8377 (1).png'),
	(1310, 31, 'Rectangle 8377 (2).png'),
	(1311, 31, 'Rectangle 8377 (3).png'),
	(1312, 32, 'Rectangle 8377 (1).png'),
	(1313, 32, 'Rectangle 8377 (2).png'),
	(1314, 32, 'Rectangle 8377 (3).png'),
	(1315, 33, 'Rectangle 8377 (1).png'),
	(1316, 33, 'Rectangle 8377 (2).png'),
	(1317, 33, 'Rectangle 8377 (3).png'),
	(1318, 34, 'Rectangle 8377 (1).png'),
	(1319, 34, 'Rectangle 8377 (2).png'),
	(1320, 34, 'Rectangle 8377 (3).png'),
	(1321, 35, 'Rectangle 8377 (1).png'),
	(1322, 35, 'Rectangle 8377 (2).png'),
	(1323, 35, 'Rectangle 8377 (3).png'),
	(1324, 36, 'Rectangle 8377 (1).png'),
	(1325, 36, 'Rectangle 8377 (2).png'),
	(1326, 36, 'Rectangle 8377 (3).png'),
	(1327, 37, 'Rectangle 8377 (1).png'),
	(1328, 37, 'Rectangle 8377 (2).png'),
	(1329, 37, 'Rectangle 8377 (3).png'),
	(1330, 38, 'Rectangle 8377 (1).png'),
	(1331, 38, 'Rectangle 8377 (2).png'),
	(1332, 38, 'Rectangle 8377 (3).png'),
	(1333, 39, 'Rectangle 8377 (1).png'),
	(1334, 39, 'Rectangle 8377 (2).png'),
	(1335, 39, 'Rectangle 8377 (3).png'),
	(1336, 40, 'Rectangle 8377 (1).png'),
	(1337, 40, 'Rectangle 8377 (2).png'),
	(1338, 40, 'Rectangle 8377 (3).png'),
	(1339, 41, 'Rectangle 8377 (1).png'),
	(1340, 41, 'Rectangle 8377 (2).png'),
	(1341, 41, 'Rectangle 8377 (3).png'),
	(1342, 42, 'Rectangle 8377 (1).png'),
	(1343, 42, 'Rectangle 8377 (2).png'),
	(1344, 42, 'Rectangle 8377 (3).png'),
	(1345, 43, 'Rectangle 8377 (1).png'),
	(1346, 43, 'Rectangle 8377 (2).png'),
	(1347, 43, 'Rectangle 8377 (3).png'),
	(1348, 44, 'Rectangle 8377 (1).png'),
	(1349, 44, 'Rectangle 8377 (2).png'),
	(1350, 44, 'Rectangle 8377 (3).png'),
	(1351, 45, 'Rectangle 8377 (1).png'),
	(1352, 45, 'Rectangle 8377 (2).png'),
	(1353, 45, 'Rectangle 8377 (3).png'),
	(1354, 46, 'Rectangle 8377 (1).png'),
	(1355, 46, 'Rectangle 8377 (2).png'),
	(1356, 46, 'Rectangle 8377 (3).png'),
	(1357, 47, 'Rectangle 8377 (1).png'),
	(1358, 47, 'Rectangle 8377 (2).png'),
	(1359, 47, 'Rectangle 8377 (3).png'),
	(1360, 48, 'Rectangle 8377 (1).png'),
	(1361, 48, 'Rectangle 8377 (2).png'),
	(1362, 48, 'Rectangle 8377 (3).png'),
	(1363, 49, 'Rectangle 8377 (1).png'),
	(1364, 49, 'Rectangle 8377 (2).png'),
	(1365, 49, 'Rectangle 8377 (3).png'),
	(1366, 50, 'Rectangle 8377 (1).png'),
	(1367, 50, 'Rectangle 8377 (2).png'),
	(1368, 50, 'Rectangle 8377 (3).png'),
	(1369, 51, 'Rectangle 8377 (1).png'),
	(1370, 51, 'Rectangle 8377 (2).png'),
	(1371, 51, 'Rectangle 8377 (3).png'),
	(1372, 52, 'Rectangle 8377 (1).png'),
	(1373, 52, 'Rectangle 8377 (2).png'),
	(1374, 52, 'Rectangle 8377 (3).png'),
	(1375, 53, 'Rectangle 8377 (1).png'),
	(1376, 53, 'Rectangle 8377 (2).png'),
	(1377, 53, 'Rectangle 8377 (3).png'),
	(1378, 54, 'Rectangle 8377 (1).png'),
	(1379, 54, 'Rectangle 8377 (2).png'),
	(1380, 54, 'Rectangle 8377 (3).png'),
	(1381, 55, 'Rectangle 8377 (1).png'),
	(1382, 55, 'Rectangle 8377 (2).png'),
	(1383, 55, 'Rectangle 8377 (3).png'),
	(1384, 56, 'Rectangle 8377 (1).png'),
	(1385, 56, 'Rectangle 8377 (2).png'),
	(1386, 56, 'Rectangle 8377 (3).png'),
	(1387, 57, 'Rectangle 8377 (1).png'),
	(1388, 57, 'Rectangle 8377 (2).png'),
	(1389, 57, 'Rectangle 8377 (3).png'),
	(1390, 58, 'Rectangle 8377 (1).png'),
	(1391, 58, 'Rectangle 8377 (2).png'),
	(1392, 58, 'Rectangle 8377 (3).png'),
	(1393, 59, 'Rectangle 8377 (1).png'),
	(1394, 59, 'Rectangle 8377 (2).png'),
	(1395, 59, 'Rectangle 8377 (3).png'),
	(1396, 60, 'Rectangle 8377 (1).png'),
	(1397, 60, 'Rectangle 8377 (2).png'),
	(1398, 60, 'Rectangle 8377 (3).png'),
	(1399, 61, 'Rectangle 8377 (1).png'),
	(1400, 61, 'Rectangle 8377 (2).png'),
	(1401, 61, 'Rectangle 8377 (3).png'),
	(1402, 62, 'Rectangle 8377 (1).png'),
	(1403, 62, 'Rectangle 8377 (2).png'),
	(1404, 62, 'Rectangle 8377 (3).png'),
	(1405, 63, 'Rectangle 8377 (1).png'),
	(1406, 63, 'Rectangle 8377 (2).png'),
	(1407, 63, 'Rectangle 8377 (3).png'),
	(1408, 64, 'Rectangle 8377 (1).png'),
	(1409, 64, 'Rectangle 8377 (2).png'),
	(1410, 64, 'Rectangle 8377 (3).png');

-- Dumping structure for table demo_php.table_order
CREATE TABLE IF NOT EXISTS `table_order` (
	`id` bigint NOT NULL AUTO_INCREMENT,
	`user_id` bigint NOT NULL,
	`product_id` bigint NOT NULL,
	`status_id` bigint NOT NULL DEFAULT '1',
	PRIMARY KEY (`id`),
	KEY `product_id` (`product_id`),
	KEY `status_id` (`status_id`),
	KEY `user_id` (`user_id`),
	CONSTRAINT `table_order_ibfk_1` FOREIGN KEY (`product_id`) REFERENCES `table_product` (`id`),
	CONSTRAINT `table_order_ibfk_2` FOREIGN KEY (`status_id`) REFERENCES `table_status` (`id`),
	CONSTRAINT `table_order_ibfk_3` FOREIGN KEY (`user_id`) REFERENCES `table_user` (`id`)
) ENGINE = InnoDB AUTO_INCREMENT = 62 COLLATE = utf8_general_ci;

-- Dumping data for table demo_php.table_order: ~38 rows (approximately)
REPLACE INTO `table_order` (`id`, `user_id`, `product_id`, `status_id`)
VALUES
	(1, 1, 19, 1),
	(2, 1, 20, 1),
	(3, 1, 21, 1),
	(4, 1, 22, 1),
	(5, 1, 23, 1),
	(6, 1, 24, 1),
	(7, 1, 25, 2),
	(8, 1, 26, 2),
	(9, 1, 27, 2),
	(10, 1, 28, 2),
	(11, 1, 29, 2),
	(12, 1, 30, 3),
	(13, 1, 31, 3),
	(14, 1, 32, 3),
	(15, 1, 33, 3),
	(16, 1, 34, 3),
	(17, 1, 35, 4),
	(18, 1, 36, 4),
	(19, 1, 37, 4),
	(20, 1, 38, 4),
	(21, 1, 39, 4),
	(22, 1, 40, 5),
	(23, 1, 41, 5),
	(24, 1, 42, 5),
	(25, 1, 43, 5),
	(26, 1, 44, 5),
	(43, 1, 21, 1),
	(44, 1, 23, 1),
	(45, 1, 20, 1),
	(46, 1, 19, 1),
	(47, 1, 60, 1),
	(48, 1, 20, 1),
	(49, 1, 20, 1),
	(50, 1, 20, 1),
	(51, 1, 58, 1),
	(52, 1, 21, 1),
	(53, 1, 2, 1),
	(54, 1, 26, 1),
	(55, 1, 53, 1),
	(56, 1, 24, 1),
	(57, 1, 34, 1),
	(58, 1, 25, 1),
	(59, 1, 19, 1),
	(60, 1, 39, 1),
	(61, 1, 21, 1);

-- Dumping structure for table demo_php.table_product
CREATE TABLE IF NOT EXISTS `table_product` (
	`id` bigint NOT NULL AUTO_INCREMENT,
	`content` text COLLATE utf8_general_ci,
	`discount` double NOT NULL,
	`image_path` varchar(255) DEFAULT NULL,
	`name` varchar(255) DEFAULT NULL,
	`price` double NOT NULL,
	`qty` int NOT NULL,
	`short_description` text COLLATE utf8_general_ci,
	`sku` varchar(255) DEFAULT NULL,
	`category_id` bigint NOT NULL,
	`created_on` datetime(6) DEFAULT NULL,
	`created_by` varchar(255) DEFAULT NULL,
	`updated_on` datetime(6) DEFAULT NULL,
	`updated_by` varchar(255) DEFAULT NULL,
	`code` varchar(255) DEFAULT NULL,
	PRIMARY KEY (`id`),
	KEY `fk_product_category` (`category_id`),
	CONSTRAINT `fk_product_category` FOREIGN KEY (`category_id`) REFERENCES `table_category` (`id`)
) ENGINE = InnoDB AUTO_INCREMENT = 66 COLLATE = utf8_general_ci;

-- Dumping data for table demo_php.table_product: ~47 rows (approximately)
REPLACE INTO `table_product` (
	`id`,
	`content`,
	`discount`,
	`image_path`,
	`name`,
	`price`,
	`qty`,
	`short_description`,
	`sku`,
	`category_id`,
	`created_on`,
	`created_by`,
	`updated_on`,
	`updated_by`,
	`code`
)
VALUES
	(
		2,
		NULL,
		3345000,
		'Rectangle 8377 (6).png',
		'ĐÈN CHÙM L8101/1201',
		2290000,
		400,
		NULL,
		'205786Y',
		3,
		NULL,
		NULL,
		NULL,
		NULL,
		'den-chum-l8101-1201'
	),
	(
		19,
		NULL,
		3345000,
		'Rectangle 8377 (35).png',
		'ĐÈN CHÙM L8101/1202',
		2290000,
		0,
		NULL,
		'205786Y',
		3,
		NULL,
		NULL,
		NULL,
		NULL,
		'den-chum-l8101-1202'
	),
	(
		20,
		NULL,
		3345000,
		'Rectangle 8377 (27).png',
		'ĐÈN CHÙM L8101/1203',
		2290000,
		400,
		NULL,
		'205786Y',
		3,
		NULL,
		NULL,
		NULL,
		NULL,
		'den-chum-l8101-1203'
	),
	(
		21,
		NULL,
		3345000,
		'Rectangle 8377 (30).png',
		'ĐÈN CHÙM L8101/1204',
		2290000,
		0,
		NULL,
		'205786Y',
		3,
		NULL,
		NULL,
		NULL,
		NULL,
		'den-chum-l8101-1204'
	),
	(
		22,
		NULL,
		3345000,
		'Rectangle 8377 (14).png',
		'ĐÈN CHÙM L8101/1205',
		2290000,
		400,
		NULL,
		'205786Y',
		3,
		NULL,
		NULL,
		NULL,
		NULL,
		'den-chum-l8101-1205'
	),
	(
		23,
		NULL,
		3345000,
		'Rectangle 8377 (10).png',
		'ĐÈN CHÙM L8101/1206',
		2290000,
		400,
		NULL,
		'205786Y',
		3,
		NULL,
		NULL,
		NULL,
		NULL,
		'den-chum-l8101-1206'
	),
	(
		24,
		NULL,
		3345000,
		'Rectangle 8377 (39).png',
		'ĐÈN CHÙM L8101/1207',
		2290000,
		370,
		NULL,
		'205786Y',
		3,
		NULL,
		NULL,
		NULL,
		NULL,
		'den-chum-l8101-1207'
	),
	(
		25,
		NULL,
		3345000,
		'Rectangle 8377.png',
		'ĐÈN CHÙM L8101/1208',
		2290000,
		398,
		NULL,
		'205786Y',
		3,
		NULL,
		NULL,
		NULL,
		NULL,
		'den-chum-l8101-1208'
	),
	(
		26,
		NULL,
		3345000,
		'Rectangle 8377 (42).png',
		'ĐÈN CHÙM L8101/1209',
		2290000,
		400,
		NULL,
		'205786Y',
		3,
		NULL,
		NULL,
		NULL,
		NULL,
		'den-chum-l8101-1209'
	),
	(
		27,
		NULL,
		3345000,
		'Rectangle 8377 (4).png',
		'ĐÈN CHÙM L8101/12010',
		2290000,
		400,
		NULL,
		'205786Y',
		3,
		NULL,
		NULL,
		NULL,
		NULL,
		'den-chum-l8101-12010'
	),
	(
		28,
		NULL,
		3345000,
		'Rectangle 8377 (11).png',
		'ĐÈN CHÙM L8101/12011',
		2290000,
		400,
		NULL,
		'205786Y',
		3,
		NULL,
		NULL,
		NULL,
		NULL,
		'den-chum-l8101-12011'
	),
	(
		29,
		NULL,
		3345000,
		'Rectangle 8377 (12).png',
		'ĐÈN CHÙM L8101/12012',
		2290000,
		400,
		NULL,
		'205786Y',
		3,
		NULL,
		NULL,
		NULL,
		NULL,
		'den-chum-l8101-12012'
	),
	(
		30,
		NULL,
		3345000,
		'Rectangle 8377 (13).png',
		'ĐÈN CHÙM L8101/12013',
		2290000,
		400,
		NULL,
		'205786Y',
		3,
		NULL,
		NULL,
		NULL,
		NULL,
		'den-chum-l8101-12013'
	),
	(
		31,
		NULL,
		3345000,
		'Rectangle 8377 (14).png',
		'ĐÈN CHÙM L8101/12014',
		2290000,
		400,
		NULL,
		'205786Y',
		3,
		NULL,
		NULL,
		NULL,
		NULL,
		'den-chum-l8101-12014'
	),
	(
		32,
		NULL,
		3345000,
		'Rectangle 8377 (15).png',
		'ĐÈN CHÙM L8101/12015',
		2290000,
		400,
		NULL,
		'205786Y',
		3,
		NULL,
		NULL,
		NULL,
		NULL,
		'den-chum-l8101-12015'
	),
	(
		33,
		NULL,
		3345000,
		'Rectangle 8377 (16).png',
		'ĐÈN CHÙM L8101/12016',
		2290000,
		400,
		NULL,
		'205786Y',
		3,
		NULL,
		NULL,
		NULL,
		NULL,
		'den-chum-l8101-12016'
	),
	(
		34,
		NULL,
		3345000,
		'Rectangle 8377 (17).png',
		'ĐÈN CHÙM L8101/12017',
		2290000,
		395,
		NULL,
		'205786Y',
		3,
		NULL,
		NULL,
		NULL,
		NULL,
		'den-chum-l8101-12017'
	),
	(
		35,
		NULL,
		3345000,
		'Rectangle 8377 (8).png',
		'ĐÈN CHÙM L8101/120/20',
		2290000,
		400,
		NULL,
		'205786Y',
		4,
		NULL,
		NULL,
		NULL,
		NULL,
		'den-chum-l8101-120-20'
	),
	(
		36,
		NULL,
		3345000,
		'Rectangle 8377 (37).png',
		'ĐÈN CHÙM L8101/120/21',
		2290000,
		400,
		NULL,
		'205786Y',
		4,
		NULL,
		NULL,
		NULL,
		NULL,
		'den-chum-l8101-120-21'
	),
	(
		37,
		NULL,
		3345000,
		'Rectangle 8377 (8).png',
		'ĐÈN CHÙM L8101/120/22',
		2290000,
		400,
		NULL,
		'205786Y',
		4,
		NULL,
		NULL,
		NULL,
		NULL,
		'den-chum-l8101-120-22'
	),
	(
		38,
		NULL,
		3345000,
		'Rectangle 8377 (22).png',
		'ĐÈN CHÙM L8101/120/23',
		2290000,
		400,
		NULL,
		'205786Y',
		4,
		NULL,
		NULL,
		NULL,
		NULL,
		'den-chum-l8101-120-23'
	),
	(
		39,
		NULL,
		3345000,
		'Rectangle 8377 (18).png',
		'ĐÈN CHÙM L8101/120/24',
		2290000,
		388,
		NULL,
		'205786Y',
		4,
		NULL,
		NULL,
		NULL,
		NULL,
		'den-chum-l8101-120-24'
	),
	(
		40,
		NULL,
		3345000,
		'Rectangle 8377 (33).png',
		'ĐÈN CHÙM L8101/120/25',
		2290000,
		400,
		NULL,
		'205786Y',
		4,
		NULL,
		NULL,
		NULL,
		NULL,
		'den-chum-l8101-120-25'
	),
	(
		41,
		NULL,
		3345000,
		'Rectangle 8377 (33).png',
		'ĐÈN CHÙM L8101/120/26',
		2290000,
		400,
		NULL,
		'205786Y',
		4,
		NULL,
		NULL,
		NULL,
		NULL,
		'den-chum-l8101-120-26'
	),
	(
		42,
		NULL,
		3345000,
		'Rectangle 8377 (33).png',
		'ĐÈN CHÙM L8101/120/27',
		2290000,
		400,
		NULL,
		'205786Y',
		4,
		NULL,
		NULL,
		NULL,
		NULL,
		'den-chum-l8101-120-27'
	),
	(
		43,
		NULL,
		3345000,
		'Rectangle 8377 (25).png',
		'ĐÈN CHÙM L8101/120/28',
		2290000,
		400,
		NULL,
		'205786Y',
		4,
		NULL,
		NULL,
		NULL,
		NULL,
		'den-chum-l8101-120-28'
	),
	(
		44,
		NULL,
		3345000,
		'Rectangle 8377 (18).png',
		'ĐÈN CHÙM L8101/120/29',
		2290000,
		400,
		NULL,
		'205786Y',
		4,
		NULL,
		NULL,
		NULL,
		NULL,
		'den-chum-l8101-120-29'
	),
	(
		45,
		NULL,
		3345000,
		'Rectangle 8377 (7).png',
		'ĐÈN CHÙM L8101/120/30',
		2290000,
		400,
		NULL,
		'205786Y',
		5,
		NULL,
		NULL,
		NULL,
		NULL,
		'den-chum-l8101-120-30'
	),
	(
		46,
		NULL,
		3345000,
		'Rectangle 8377 (36).png',
		'ĐÈN CHÙM L8101/120/31',
		2290000,
		400,
		NULL,
		'205786Y',
		5,
		NULL,
		NULL,
		NULL,
		NULL,
		'den-chum-l8101-120-31'
	),
	(
		47,
		NULL,
		3345000,
		'Rectangle 8377 (28).png',
		'ĐÈN CHÙM L8101/120/32',
		2290000,
		400,
		NULL,
		'205786Y',
		5,
		NULL,
		NULL,
		NULL,
		NULL,
		'den-chum-l8101-120-32'
	),
	(
		48,
		NULL,
		3345000,
		'Rectangle 8377 (21).png',
		'ĐÈN CHÙM L8101/120/33',
		2290000,
		400,
		NULL,
		'205786Y',
		5,
		NULL,
		NULL,
		NULL,
		NULL,
		'den-chum-l8101-120-33'
	),
	(
		49,
		NULL,
		3345000,
		'Rectangle 8377 (15).png',
		'ĐÈN CHÙM L8101/120/34',
		2290000,
		400,
		NULL,
		'205786Y',
		5,
		NULL,
		NULL,
		NULL,
		NULL,
		'den-chum-l8101-120-34'
	),
	(
		50,
		NULL,
		3345000,
		'Rectangle 8377 (11).png',
		'ĐÈN CHÙM L8101/120/35',
		2290000,
		400,
		NULL,
		'205786Y',
		5,
		NULL,
		NULL,
		NULL,
		NULL,
		'den-chum-l8101-120-35'
	),
	(
		51,
		NULL,
		3345000,
		'Rectangle 8377 (40).png',
		'ĐÈN CHÙM L8101/120/36',
		2290000,
		400,
		NULL,
		'205786Y',
		5,
		NULL,
		NULL,
		NULL,
		NULL,
		'den-chum-l8101-120-36'
	),
	(
		52,
		NULL,
		3345000,
		'Rectangle 8377 (24).png',
		'ĐÈN CHÙM L8101/120/37',
		2290000,
		400,
		NULL,
		'205786Y',
		5,
		NULL,
		NULL,
		NULL,
		NULL,
		'den-chum-l8101-120-37'
	),
	(
		53,
		NULL,
		3345000,
		'Rectangle 8377 (24).png',
		'ĐÈN CHÙM L8101/120/38',
		2290000,
		0,
		NULL,
		'205786Y',
		5,
		NULL,
		NULL,
		NULL,
		NULL,
		'den-chum-l8101-120-38'
	),
	(
		54,
		NULL,
		3345000,
		'Rectangle 8377 (17).png',
		'ĐÈN CHÙM L8101/120/39',
		2290000,
		400,
		NULL,
		'205786Y',
		5,
		NULL,
		NULL,
		NULL,
		NULL,
		'den-chum-l8101-120-39'
	),
	(
		55,
		NULL,
		3345000,
		'Rectangle 8377 (5).png',
		'ĐÈN CHÙM L8101/120/40',
		2290000,
		400,
		NULL,
		'205786Y',
		6,
		NULL,
		NULL,
		NULL,
		NULL,
		'den-chum-l8101-120-40'
	),
	(
		56,
		NULL,
		3345000,
		'Rectangle 8377 (34).png',
		'ĐÈN CHÙM L8101/120/41',
		2290000,
		400,
		NULL,
		'205786Y',
		6,
		NULL,
		NULL,
		NULL,
		NULL,
		'den-chum-l8101-120-41'
	),
	(
		57,
		NULL,
		3345000,
		'Rectangle 8377 (26).png',
		'ĐÈN CHÙM L8101/120/42',
		2290000,
		400,
		NULL,
		'205786Y',
		6,
		NULL,
		NULL,
		NULL,
		NULL,
		'den-chum-l8101-120-42'
	),
	(
		58,
		NULL,
		3345000,
		'Rectangle 8377 (19).png',
		'ĐÈN CHÙM L8101/120/43',
		2290000,
		400,
		NULL,
		'205786Y',
		6,
		NULL,
		NULL,
		NULL,
		NULL,
		'den-chum-l8101-120-43'
	),
	(
		59,
		NULL,
		3345000,
		'Rectangle 8377 (13).png',
		'ĐÈN CHÙM L8101/120/44',
		2290000,
		400,
		NULL,
		'205786Y',
		6,
		NULL,
		NULL,
		NULL,
		NULL,
		'den-chum-l8101-120-44'
	),
	(
		60,
		NULL,
		3345000,
		'Rectangle 8377 (9).png',
		'ĐÈN CHÙM L8101/120/45',
		2290000,
		400,
		NULL,
		'205786Y',
		6,
		NULL,
		NULL,
		NULL,
		NULL,
		'den-chum-l8101-120-45'
	),
	(
		61,
		NULL,
		3345000,
		'Rectangle 8377 (38).png',
		'ĐÈN CHÙM L8101/120/46',
		2290000,
		400,
		NULL,
		'205786Y',
		6,
		NULL,
		NULL,
		NULL,
		NULL,
		'den-chum-l8101-120-46'
	),
	(
		62,
		NULL,
		3345000,
		'Rectangle 8377 (30).png',
		'ĐÈN CHÙM L8101/120/47',
		2290000,
		400,
		NULL,
		'205786Y',
		6,
		NULL,
		NULL,
		NULL,
		NULL,
		'den-chum-l8101-120-47'
	),
	(
		63,
		NULL,
		3345000,
		'Rectangle 8377 (23).png',
		'ĐÈN CHÙM L8101/120/48',
		2290000,
		400,
		NULL,
		'205786Y',
		6,
		NULL,
		NULL,
		NULL,
		NULL,
		'den-chum-l8101-120-48'
	),
	(
		64,
		NULL,
		3345000,
		'Rectangle 8377 (16).png',
		'ĐÈN CHÙM L8101/120/49',
		2290000,
		400,
		NULL,
		'205786Y',
		6,
		NULL,
		NULL,
		NULL,
		NULL,
		'den-chum-l8101-120-49'
	);

-- Dumping structure for table demo_php.table_product_detail
CREATE TABLE IF NOT EXISTS `table_product_detail` (
	`id` bigint NOT NULL AUTO_INCREMENT,
	`product_id` bigint NOT NULL DEFAULT '0',
	`color_id` bigint NOT NULL DEFAULT '0',
	`qty` int NOT NULL DEFAULT '0',
	`image_path` varchar(255) DEFAULT NULL,
	PRIMARY KEY (`id`),
	KEY `product_id` (`product_id`),
	KEY `color_id` (`color_id`),
	CONSTRAINT `table_product_detail_ibfk_1` FOREIGN KEY (`product_id`) REFERENCES `table_product` (`id`),
	CONSTRAINT `table_product_detail_ibfk_2` FOREIGN KEY (`color_id`) REFERENCES `table_color` (`id`),
	CONSTRAINT `table_product_detail_ibfk_3` FOREIGN KEY (`color_id`) REFERENCES `table_color` (`id`),
	CONSTRAINT `table_product_detail_ibfk_4` FOREIGN KEY (`color_id`) REFERENCES `table_color` (`id`),
	CONSTRAINT `table_product_detail_ibfk_5` FOREIGN KEY (`color_id`) REFERENCES `table_color` (`id`)
) ENGINE = InnoDB AUTO_INCREMENT = 224 COLLATE = utf8_general_ci;

-- Dumping data for table demo_php.table_product_detail: ~188 rows (approximately)
REPLACE INTO `table_product_detail` (
	`id`,
	`product_id`,
	`color_id`,
	`qty`,
	`image_path`
)
VALUES
	(36, 2, 1, 100, NULL),
	(37, 2, 2, 100, NULL),
	(38, 2, 3, 100, NULL),
	(39, 2, 4, 100, NULL),
	(40, 19, 1, 100, NULL),
	(41, 19, 2, 100, NULL),
	(42, 19, 3, 100, NULL),
	(43, 19, 4, 100, NULL),
	(44, 20, 1, 100, NULL),
	(45, 20, 2, 100, NULL),
	(46, 20, 3, 100, NULL),
	(47, 20, 4, 100, NULL),
	(48, 21, 1, 100, NULL),
	(49, 21, 2, 100, NULL),
	(50, 21, 3, 100, NULL),
	(51, 21, 4, 100, NULL),
	(52, 22, 1, 100, NULL),
	(53, 22, 2, 100, NULL),
	(54, 22, 3, 100, NULL),
	(55, 22, 4, 100, NULL),
	(56, 23, 1, 100, NULL),
	(57, 23, 2, 100, NULL),
	(58, 23, 3, 100, NULL),
	(59, 23, 4, 100, NULL),
	(60, 24, 1, 100, NULL),
	(61, 24, 2, 100, NULL),
	(62, 24, 3, 100, NULL),
	(63, 24, 4, 100, NULL),
	(64, 25, 1, 100, NULL),
	(65, 25, 2, 100, NULL),
	(66, 25, 3, 100, NULL),
	(67, 25, 4, 100, NULL),
	(68, 26, 1, 100, NULL),
	(69, 26, 2, 100, NULL),
	(70, 26, 3, 100, NULL),
	(71, 26, 4, 100, NULL),
	(72, 27, 1, 100, NULL),
	(73, 27, 2, 100, NULL),
	(74, 27, 3, 100, NULL),
	(75, 27, 4, 100, NULL),
	(76, 28, 1, 100, NULL),
	(77, 28, 2, 100, NULL),
	(78, 28, 3, 100, NULL),
	(79, 28, 4, 100, NULL),
	(80, 29, 1, 100, NULL),
	(81, 29, 2, 100, NULL),
	(82, 29, 3, 100, NULL),
	(83, 29, 4, 100, NULL),
	(84, 30, 1, 100, NULL),
	(85, 30, 2, 100, NULL),
	(86, 30, 3, 100, NULL),
	(87, 30, 4, 100, NULL),
	(88, 31, 1, 100, NULL),
	(89, 31, 2, 100, NULL),
	(90, 31, 3, 100, NULL),
	(91, 31, 4, 100, NULL),
	(92, 32, 1, 100, NULL),
	(93, 32, 2, 100, NULL),
	(94, 32, 3, 100, NULL),
	(95, 32, 4, 100, NULL),
	(96, 33, 1, 100, NULL),
	(97, 33, 2, 100, NULL),
	(98, 33, 3, 100, NULL),
	(99, 33, 4, 100, NULL),
	(100, 34, 1, 100, NULL),
	(101, 34, 2, 100, NULL),
	(102, 34, 3, 100, NULL),
	(103, 34, 4, 100, NULL),
	(104, 35, 1, 100, NULL),
	(105, 35, 2, 100, NULL),
	(106, 35, 3, 100, NULL),
	(107, 35, 4, 100, NULL),
	(108, 36, 1, 100, NULL),
	(109, 36, 2, 100, NULL),
	(110, 36, 3, 100, NULL),
	(111, 36, 4, 100, NULL),
	(112, 37, 1, 100, NULL),
	(113, 37, 2, 100, NULL),
	(114, 37, 3, 100, NULL),
	(115, 37, 4, 100, NULL),
	(116, 38, 1, 100, NULL),
	(117, 38, 2, 100, NULL),
	(118, 38, 3, 100, NULL),
	(119, 38, 4, 100, NULL),
	(120, 39, 1, 100, NULL),
	(121, 39, 2, 100, NULL),
	(122, 39, 3, 100, NULL),
	(123, 39, 4, 100, NULL),
	(124, 40, 1, 100, NULL),
	(125, 40, 2, 100, NULL),
	(126, 40, 3, 100, NULL),
	(127, 40, 4, 100, NULL),
	(128, 41, 1, 100, NULL),
	(129, 41, 2, 100, NULL),
	(130, 41, 3, 100, NULL),
	(131, 41, 4, 100, NULL),
	(132, 42, 1, 100, NULL),
	(133, 42, 2, 100, NULL),
	(134, 42, 3, 100, NULL),
	(135, 42, 4, 100, NULL),
	(136, 43, 1, 100, NULL),
	(137, 43, 2, 100, NULL),
	(138, 43, 3, 100, NULL),
	(139, 43, 4, 100, NULL),
	(140, 44, 1, 100, NULL),
	(141, 44, 2, 100, NULL),
	(142, 44, 3, 100, NULL),
	(143, 44, 4, 100, NULL),
	(144, 45, 1, 100, NULL),
	(145, 45, 2, 100, NULL),
	(146, 45, 3, 100, NULL),
	(147, 45, 4, 100, NULL),
	(148, 46, 1, 100, NULL),
	(149, 46, 2, 100, NULL),
	(150, 46, 3, 100, NULL),
	(151, 46, 4, 100, NULL),
	(152, 47, 1, 100, NULL),
	(153, 47, 2, 100, NULL),
	(154, 47, 3, 100, NULL),
	(155, 47, 4, 100, NULL),
	(156, 48, 1, 100, NULL),
	(157, 48, 2, 100, NULL),
	(158, 48, 3, 100, NULL),
	(159, 48, 4, 100, NULL),
	(160, 49, 1, 100, NULL),
	(161, 49, 2, 100, NULL),
	(162, 49, 3, 100, NULL),
	(163, 49, 4, 100, NULL),
	(164, 50, 1, 100, NULL),
	(165, 50, 2, 100, NULL),
	(166, 50, 3, 100, NULL),
	(167, 50, 4, 100, NULL),
	(168, 51, 1, 100, NULL),
	(169, 51, 2, 100, NULL),
	(170, 51, 3, 100, NULL),
	(171, 51, 4, 100, NULL),
	(172, 52, 1, 100, NULL),
	(173, 52, 2, 100, NULL),
	(174, 52, 3, 100, NULL),
	(175, 52, 4, 100, NULL),
	(176, 53, 1, 100, NULL),
	(177, 53, 2, 100, NULL),
	(178, 53, 3, 100, NULL),
	(179, 53, 4, 100, NULL),
	(180, 54, 1, 100, NULL),
	(181, 54, 2, 100, NULL),
	(182, 54, 3, 100, NULL),
	(183, 54, 4, 100, NULL),
	(184, 55, 1, 100, NULL),
	(185, 55, 2, 100, NULL),
	(186, 55, 3, 100, NULL),
	(187, 55, 4, 100, NULL),
	(188, 56, 1, 100, NULL),
	(189, 56, 2, 100, NULL),
	(190, 56, 3, 100, NULL),
	(191, 56, 4, 100, NULL),
	(192, 57, 1, 100, NULL),
	(193, 57, 2, 100, NULL),
	(194, 57, 3, 100, NULL),
	(195, 57, 4, 100, NULL),
	(196, 58, 1, 100, NULL),
	(197, 58, 2, 100, NULL),
	(198, 58, 3, 100, NULL),
	(199, 58, 4, 100, NULL),
	(200, 59, 1, 100, NULL),
	(201, 59, 2, 100, NULL),
	(202, 59, 3, 100, NULL),
	(203, 59, 4, 100, NULL),
	(204, 60, 1, 100, NULL),
	(205, 60, 2, 100, NULL),
	(206, 60, 3, 100, NULL),
	(207, 60, 4, 100, NULL),
	(208, 61, 1, 100, NULL),
	(209, 61, 2, 100, NULL),
	(210, 61, 3, 100, NULL),
	(211, 61, 4, 100, NULL),
	(212, 62, 1, 100, NULL),
	(213, 62, 2, 100, NULL),
	(214, 62, 3, 100, NULL),
	(215, 62, 4, 100, NULL),
	(216, 63, 1, 100, NULL),
	(217, 63, 2, 100, NULL),
	(218, 63, 3, 100, NULL),
	(219, 63, 4, 100, NULL),
	(220, 64, 1, 100, NULL),
	(221, 64, 2, 100, NULL),
	(222, 64, 3, 100, NULL),
	(223, 64, 4, 100, NULL);

-- Dumping structure for table demo_php.table_status
CREATE TABLE IF NOT EXISTS `table_status` (
	`id` bigint NOT NULL AUTO_INCREMENT,
	`code` varchar(255) NOT NULL,
	`name` varchar(255) DEFAULT NULL,
	PRIMARY KEY (`id`)
) ENGINE = InnoDB AUTO_INCREMENT = 7 COLLATE = utf8_general_ci;

-- Dumping data for table demo_php.table_status: ~6 rows (approximately)
REPLACE INTO `table_status` (`id`, `code`, `name`)
VALUES
	(1, 'cho-thanh-toan', 'Chờ thanh toán'),
	(2, 'van-chuyen', 'Vận chuyển'),
	(3, 'cho-giao-hang', 'Chờ giao hàng'),
	(4, 'hoan-thanh', 'Hoàn thành'),
	(5, 'da-huy', 'Đã hủy'),
	(6, 'tra-hang', 'Trả hàng');

-- Dumping structure for table demo_php.table_user
CREATE TABLE IF NOT EXISTS `table_user` (
	`id` bigint NOT NULL AUTO_INCREMENT,
	`username` varchar(255) NOT NULL,
	`password` varchar(255) NOT NULL,
	`fullname` varchar(255) NOT NULL,
	`email` varchar(255) NOT NULL,
	PRIMARY KEY (`id`),
	UNIQUE KEY `username` (`username`)
) ENGINE = InnoDB AUTO_INCREMENT = 2 COLLATE = utf8_general_ci;

-- Dumping data for table demo_php.table_user: ~0 rows (approximately)
REPLACE INTO `table_user` (
	`id`,
	`username`,
	`password`,
	`fullname`,
	`email`
)
VALUES
	(
		1,
		'kha123',
		'$2y$10$uScajtM4rOYMKki9WfuwWO20EwSwCUHkLfnSQkY1ypIMUziUr6aNW',
		'kha',
		'nmk@gmail.com'
	);

/*!40103 SET TIME_ZONE=IFNULL(@OLD_TIME_ZONE, 'system') */
;

/*!40101 SET SQL_MODE=IFNULL(@OLD_SQL_MODE, '') */
;

/*!40014 SET FOREIGN_KEY_CHECKS=IFNULL(@OLD_FOREIGN_KEY_CHECKS, 1) */
;

/*!40101 SET CHARACTER_SET_CLIENT=@OLD_CHARACTER_SET_CLIENT */
;

/*!40111 SET SQL_NOTES=IFNULL(@OLD_SQL_NOTES, 1) */
;